{
  "hash": "6278ade9",
  "browserHash": "e878e0b2",
  "optimized": {
    "@angular/common": {
      "src": "../../../../../node_modules/@angular/common/fesm2022/common.mjs",
      "file": "@angular_common.js",
      "fileHash": "6890a0df",
      "needsInterop": false
    },
    "@angular/common/http": {
      "src": "../../../../../node_modules/@angular/common/fesm2022/http.mjs",
      "file": "@angular_common_http.js",
      "fileHash": "df54235f",
      "needsInterop": false
    },
    "@angular/core": {
      "src": "../../../../../node_modules/@angular/core/fesm2022/core.mjs",
      "file": "@angular_core.js",
      "fileHash": "9d4ad54e",
      "needsInterop": false
    },
    "@angular/forms": {
      "src": "../../../../../node_modules/@angular/forms/fesm2022/forms.mjs",
      "file": "@angular_forms.js",
      "fileHash": "b93dd45b",
      "needsInterop": false
    },
    "@angular/material/button": {
      "src": "../../../../../node_modules/@angular/material/fesm2022/button.mjs",
      "file": "@angular_material_button.js",
      "fileHash": "c52664f8",
      "needsInterop": false
    },
    "@angular/material/card": {
      "src": "../../../../../node_modules/@angular/material/fesm2022/card.mjs",
      "file": "@angular_material_card.js",
      "fileHash": "8eef273a",
      "needsInterop": false
    },
    "@angular/material/form-field": {
      "src": "../../../../../node_modules/@angular/material/fesm2022/form-field.mjs",
      "file": "@angular_material_form-field.js",
      "fileHash": "5968c7bd",
      "needsInterop": false
    },
    "@angular/material/grid-list": {
      "src": "../../../../../node_modules/@angular/material/fesm2022/grid-list.mjs",
      "file": "@angular_material_grid-list.js",
      "fileHash": "50c1ab79",
      "needsInterop": false
    },
    "@angular/material/icon": {
      "src": "../../../../../node_modules/@angular/material/fesm2022/icon.mjs",
      "file": "@angular_material_icon.js",
      "fileHash": "3062445a",
      "needsInterop": false
    },
    "@angular/material/input": {
      "src": "../../../../../node_modules/@angular/material/fesm2022/input.mjs",
      "file": "@angular_material_input.js",
      "fileHash": "ffe1f984",
      "needsInterop": false
    },
    "@angular/platform-browser": {
      "src": "../../../../../node_modules/@angular/platform-browser/fesm2022/platform-browser.mjs",
      "file": "@angular_platform-browser.js",
      "fileHash": "aa73a72e",
      "needsInterop": false
    },
    "@angular/platform-browser/animations": {
      "src": "../../../../../node_modules/@angular/platform-browser/fesm2022/animations.mjs",
      "file": "@angular_platform-browser_animations.js",
      "fileHash": "e4937439",
      "needsInterop": false
    },
    "@angular/router": {
      "src": "../../../../../node_modules/@angular/router/fesm2022/router.mjs",
      "file": "@angular_router.js",
      "fileHash": "79e3d2d7",
      "needsInterop": false
    },
    "hammerjs": {
      "src": "../../../../../node_modules/hammerjs/hammer.js",
      "file": "hammerjs.js",
      "fileHash": "f4427ead",
      "needsInterop": true
    },
    "@angular/material/menu": {
      "src": "../../../../../node_modules/@angular/material/fesm2022/menu.mjs",
      "file": "@angular_material_menu.js",
      "fileHash": "b686163b",
      "needsInterop": false
    }
  },
  "chunks": {
    "chunk-COQSKXXE": {
      "file": "chunk-COQSKXXE.js"
    },
    "chunk-HSX2QQWU": {
      "file": "chunk-HSX2QQWU.js"
    },
    "chunk-X4QFJBI3": {
      "file": "chunk-X4QFJBI3.js"
    },
    "chunk-AJFOUTFH": {
      "file": "chunk-AJFOUTFH.js"
    },
    "chunk-A2OFGU6H": {
      "file": "chunk-A2OFGU6H.js"
    },
    "chunk-WTLPC6HK": {
      "file": "chunk-WTLPC6HK.js"
    },
    "chunk-VV2WFPAY": {
      "file": "chunk-VV2WFPAY.js"
    },
    "chunk-DMWQ5VCX": {
      "file": "chunk-DMWQ5VCX.js"
    },
    "chunk-OXCW2X5T": {
      "file": "chunk-OXCW2X5T.js"
    }
  }
}